<?xml version="1.0" encoding="UTF-8" ?>
<!DOCTYPE mapper PUBLIC "-//mybatis.org//DTD Mapper 3.0//EN" "http://mybatis.org/dtd/mybatis-3-mapper.dtd" >
<mapper namespace="com.example.demo.mapper.TreeMapper" >

    <resultMap id="BaseResultMap" type="com.example.demo.model.Tree" >
        <id column="id" property="id"  />
        <result column="parent_id" property="parentId"  />
        <result column="name" property="name"  />
        <result column="description" property="description"  />
    </resultMap>

    <sql id="Base_Column_List" >
        id, name, parent_id, description
    </sql>

    <!-- 查询条件 -->
    <sql id="Example_Where_Clause">
        where 1=1
        <if test="id != null">
            and id = #{id}
        </if>
        <if test="name != null and name != '' " >
            and name = #{name}
        </if>
        <if test="parentId != null" >
            and parent_id = #{parentId}
        </if>
        <if test="description != null and description != '' " >
            and description = #{description}
        </if>
    </sql>

    <!-- 系统记录总数 -->
    <select id="getCount" resultType="java.lang.Integer" parameterType="Object">
        select count(1) from tree
        <include refid="Example_Where_Clause" />
    </select>

    <!-- 带有分页的查询 -->
    <select id="getPage" resultMap="BaseResultMap" parameterType="Object">
        select <include refid ="Base_Column_List" />
        from tree
        <include refid="Example_Where_Clause" />
        limit ${firstPimg},${rows}
    </select>

    <!-- 查询全部数据 -->
    <select id="getList" resultMap="BaseResultMap" parameterType="Object">
        select <include refid="Base_Column_List" />
        from tree
        <include refid="Example_Where_Clause" />
    </select>

    <select id="getModel" resultMap="BaseResultMap" parameterType="Object">
        select <include refid="Base_Column_List" />
        from tree where id = #{id}
    </select>

    <select id="getParentId" resultMap="BaseResultMap">
        select <include refid="Base_Column_List" />
        from tree where parent_id = #{id}
    </select>


    <!-- 插入记录 -->
    <insert id="insert" parameterType="Object" >
        insert into tree (name, parent_id, description)
        values (#{name}, #{parentId}, #{description})
    </insert>

    <!-- 删除记录 -->
    <delete id="delete" parameterType="Object" >
        delete from tree where id = #{id}
    </delete>

    <!-- 修改记录 -->
    <update id="update" parameterType="Object" >
        update tree
        set name = #{name}, parent_id = #{parentId}, description = #{description}
        where id = #{id}
    </update>

</mapper>