<?xml version="1.0" encoding="UTF-8" ?>
<!DOCTYPE mapper PUBLIC "-//mybatis.org//DTD Mapper 3.0//EN" "http://mybatis.org/dtd/mybatis-3-mapper.dtd" >
<mapper namespace="com.example.demo.mapper.UserMapper" >

    <resultMap id="BaseResultMap" type="com.example.demo.model.User" >
        <id column="id" property="id"  />
        <result column="code" property="code"  />
        <result column="pass" property="pass"  />
        <result column="name" property="name"  />
        <result column="sex" property="sex"  />
        <result column="age" property="age"  />
        <result column="sexName" property="sexName"  />
    </resultMap>

    <sql id="Base_Column_List" >
        id, code, pass, name, sex, age,
        (case when sex = 1 then '男' when sex = 2 then '女' when sex = 0 then '保密' end) sexName
    </sql>

    <!-- 查询条件 -->
    <sql id="Example_Where_Clause">
        where 1=1
        <if test="id != null">
            and id = #{id}
        </if>
        <if test="code != null and code != '' " >
            and code = #{code}
        </if>
        <if test="pass != null and pass != '' " >
            and pass = #{pass}
        </if>
        <if test="name != null and name != '' " >
            and name = #{name}
        </if>
        <if test="sex != null and sex != '' " >
            and sex = #{sex}
        </if>
        <if test="age != null and age != '' " >
            and age = #{age}
        </if>
    </sql>

    <!-- 系统用户 列表总数 -->
    <select id="getCount" resultType="java.lang.Integer" parameterType="Object">
        select count(1) from user
        <include refid="Example_Where_Clause" />
    </select>

    <!-- 查询系统用户列表(分页) -->
    <select id="getPage" resultMap="BaseResultMap" parameterType="Object">
        select <include refid ="Base_Column_List" />
        from user
        <include refid="Example_Where_Clause" />
        limit ${firstPage},${rows}
    </select>

    <!-- 查询系统用户列表 -->
    <select id="getList" resultMap="BaseResultMap" parameterType="Object">
        select <include refid="Base_Column_List" />
        from user
        <include refid="Example_Where_Clause" />
    </select>

    <select id="getModel" resultMap="BaseResultMap" parameterType="Object">
        select <include refid="Base_Column_List" />
        from user where id = #{id}
    </select>

    <!-- 插入记录 -->
    <insert id="insert" parameterType="Object" >
        insert into user (code, pass, name, sex, age)
        values (#{code}, #{pass}, #{name}, #{sex}, #{age})
    </insert>

    <!-- 删除记录 -->
    <delete id="delete" parameterType="Object" >
        delete from user where id = #{id}
    </delete>

    <!-- 修改记录 -->
    <update id="update" parameterType="Object" >
        update user
        set  pass = #{pass}, name = #{name}, sex = #{sex}, age = #{age}
        where id = #{id}
    </update>

</mapper>